{
  "height": 16,
  "width": 16,
  "ships": [
    {
      "location": [
        [
          1,
          1
        ],
        [
          2,
          1
        ],
        [
          3,
          1
        ],
        [
          4,
          1
        ],
        [
          5,
          1
        ]
      ]
    },
    {
      "location": [
        [
          5,
          9
        ],
        [
          5,
          10
        ],
        [
          5,
          11
        ],
        [
          5,
          12
        ],
        [
          5,
          13
        ]
      ]
    },
    {
      "location": [
        [
          4,
          6
        ],
        [
          5,
          6
        ],
        [
          5,
          5
        ],
        [
          6,
          5
        ]
      ]
    },
    {
      "location": [
        [
          11,
          1
        ]
      ]
    },
    {
      "location": [
        [
          10,
          7
        ],
        [
          11,
          7
        ],
        [
          11,
          6
        ],
        [
          12,
          7
        ]
      ]
    },
    {
      "location": [
        [
          1,
          13
        ]
      ]
    },
    {
      "location": [
        [
          13,
          14
        ],
        [
          14,
          14
        ]
      ]
    }
  ]
}